timeStamp,elapsed,label,responseCode,responseMessage,threadName,dataType,success,failureMessage,bytes,grpThreads,allThreads,URL,Filename,Latency,Encoding,SampleCount,ErrorCount,Hostname,IdleTime,Connect
1493118624324,115,BeanShell Sampler,200,OK,清除数据库 1-1,text,true,,0,1,3,null,,0,ISO-8859-1,1,0,testcrm.localdomain,0,0
1493118624621,138,MongoDB Script,200,OK,清除数据库 1-1,text,true,,2845,1,6,null,,1,ISO-8859-1,1,0,testcrm.localdomain,0,0
1493118624760,380,MongoDB Script,200,OK,清除数据库 1-1,text,true,,2849,1,8,null,,0,ISO-8859-1,1,0,testcrm.localdomain,0,0
1493118625083,60164,TCP_Report_ICall_HB_TextPush,500,org.apache.jmeter.protocol.tcp.sampler.ReadException: ,线程组 2-2,text,true,,40,965,965,null,,0,UTF-8,1,0,testcrm.localdomain,0,0
1493118625084,60182,TCP_Report_ICall_HB_TextPush,500,org.apache.jmeter.protocol.tcp.sampler.ReadException: ,线程组 2-4,text,true,,40,966,966,null,,0,UTF-8,1,0,testcrm.localdomain,0,0
1493118625080,60165,TCP_Report_ICall_HB_TextPush,500,org.apache.jmeter.protocol.tcp.sampler.ReadException: ,线程组 2-3,text,true,,40,965,965,null,,0,UTF-8,1,0,testcrm.localdomain,0,0
1493118625083,60186,TCP_Report_ICall_HB_TextPush,500,org.apache.jmeter.protocol.tcp.sampler.ReadException: ,线程组 2-1,text,true,,40,966,966,null,,0,UTF-8,1,0,testcrm.localdomain,0,0
1493118625101,60176,TCP_Report_ICall_HB_TextPush,500,org.apache.jmeter.protocol.tcp.sampler.ReadException: ,线程组 2-7,text,true,,40,966,966,null,,0,UTF-8,1,0,testcrm.localdomain,0,0
1493118625091,60172,TCP_Report_ICall_HB_TextPush,500,org.apache.jmeter.protocol.tcp.sampler.ReadException: ,线程组 2-5,text,true,,40,965,965,null,,0,UTF-8,1,0,testcrm.localdomain,0,0
1493118625082,60186,TCP_Report_ICall_HB_TextPush,500,org.apache.jmeter.protocol.tcp.sampler.ReadException: ,线程组 2-6,text,true,,40,966,966,null,,0,UTF-8,1,0,testcrm.localdomain,0,0
1493118625493,60078,TCP_Report_ICall_HB_TextPush,500,org.apache.jmeter.protocol.tcp.sampler.ReadException: ,线程组 2-8,text,true,,40,971,971,null,,0,UTF-8,1,0,testcrm.localdomain,0,0
1493118625552,60067,TCP_Report_ICall_HB_TextPush,500,org.apache.jmeter.protocol.tcp.sampler.ReadException: ,线程组 2-10,text,true,,40,971,971,null,,0,UTF-8,1,0,testcrm.localdomain,0,0
1493118625551,60077,TCP_Report_ICall_HB_TextPush,500,org.apache.jmeter.protocol.tcp.sampler.ReadException: ,线程组 2-9,text,true,,40,971,971,null,,0,UTF-8,1,0,testcrm.localdomain,0,0
1493118625612,60075,TCP_Report_ICall_HB_TextPush,500,org.apache.jmeter.protocol.tcp.sampler.ReadException: ,线程组 2-11,text,true,,40,973,973,null,,0,UTF-8,1,0,testcrm.localdomain,0,0
1493118625673,60075,TCP_Report_ICall_HB_TextPush,500,org.apache.jmeter.protocol.tcp.sampler.ReadException: ,线程组 2-12,text,true,,40,973,973,null,,0,UTF-8,1,0,testcrm.localdomain,0,0
1493118625749,60087,TCP_Report_ICall_HB_TextPush,500,org.apache.jmeter.protocol.tcp.sampler.ReadException: ,线程组 2-13,text,true,,40,975,975,null,,0,UTF-8,1,0,testcrm.localdomain,0,0
1493118625792,60081,TCP_Report_ICall_HB_TextPush,500,org.apache.jmeter.protocol.tcp.sampler.ReadException: ,线程组 2-14,text,true,,40,975,975,null,,0,UTF-8,1,0,testcrm.localdomain,0,0
1493118625832,60085,TCP_Report_ICall_HB_TextPush,500,org.apache.jmeter.protocol.tcp.sampler.ReadException: ,线程组 2-15,text,true,,40,976,976,null,,0,UTF-8,1,0,testcrm.localdomain,0,0
1493118625907,60069,TCP_Report_ICall_HB_TextPush,500,org.apache.jmeter.protocol.tcp.sampler.ReadException: ,线程组 2-16,text,true,,40,977,977,null,,0,UTF-8,1,0,testcrm.localdomain,0,0
1493118625985,60073,TCP_Report_ICall_HB_TextPush,500,org.apache.jmeter.protocol.tcp.sampler.ReadException: ,线程组 2-17,text,true,,40,978,978,null,,0,UTF-8,1,0,testcrm.localdomain,0,0
1493118626004,60078,TCP_Report_ICall_HB_TextPush,500,org.apache.jmeter.protocol.tcp.sampler.ReadException: ,线程组 2-18,text,true,,40,979,979,null,,0,UTF-8,1,0,testcrm.localdomain,0,0
1493118626058,60074,TCP_Report_ICall_HB_TextPush,500,org.apache.jmeter.protocol.tcp.sampler.ReadException: ,线程组 2-19,text,true,,40,980,980,null,,0,UTF-8,1,0,testcrm.localdomain,0,0
1493118626113,60082,TCP_Report_ICall_HB_TextPush,500,org.apache.jmeter.protocol.tcp.sampler.ReadException: ,线程组 2-20,text,true,,40,981,981,null,,0,UTF-8,1,0,testcrm.localdomain,0,0
1493118626155,60070,TCP_Report_ICall_HB_TextPush,500,org.apache.jmeter.protocol.tcp.sampler.ReadException: ,线程组 2-21,text,true,,40,981,981,null,,0,UTF-8,1,0,testcrm.localdomain,0,0
1493118626232,60069,TCP_Report_ICall_HB_TextPush,500,org.apache.jmeter.protocol.tcp.sampler.ReadException: ,线程组 2-22,text,true,,40,983,983,null,,0,UTF-8,1,0,testcrm.localdomain,0,0
1493118626287,60090,TCP_Report_ICall_HB_TextPush,500,org.apache.jmeter.protocol.tcp.sampler.ReadException: ,线程组 2-23,text,true,,40,984,984,null,,0,UTF-8,1,0,testcrm.localdomain,0,0
1493118626368,60079,TCP_Report_ICall_HB_TextPush,500,org.apache.jmeter.protocol.tcp.sampler.ReadException: ,线程组 2-24,text,true,,40,985,985,null,,0,UTF-8,1,0,testcrm.localdomain,0,0
1493118626422,60096,TCP_Report_ICall_HB_TextPush,500,org.apache.jmeter.protocol.tcp.sampler.ReadException: ,线程组 2-25,text,true,,40,987,987,null,,0,UTF-8,1,0,testcrm.localdomain,0,0
1493118626478,60075,TCP_Report_ICall_HB_TextPush,500,org.apache.jmeter.protocol.tcp.sampler.ReadException: ,线程组 2-26,text,true,,40,987,987,null,,0,UTF-8,1,0,testcrm.localdomain,0,0
1493118626547,60079,TCP_Report_ICall_HB_TextPush,500,org.apache.jmeter.protocol.tcp.sampler.ReadException: ,线程组 2-27,text,true,,40,989,989,null,,0,UTF-8,1,0,testcrm.localdomain,0,0
1493118626666,60094,TCP_Report_ICall_HB_TextPush,500,org.apache.jmeter.protocol.tcp.sampler.ReadException: ,线程组 2-28,text,true,,40,991,991,null,,0,UTF-8,1,0,testcrm.localdomain,0,0
1493118626734,60097,TCP_Report_ICall_HB_TextPush,500,org.apache.jmeter.protocol.tcp.sampler.ReadException: ,线程组 2-29,text,true,,40,992,992,null,,0,UTF-8,1,0,testcrm.localdomain,0,0
1493118626836,60062,TCP_Report_ICall_HB_TextPush,500,org.apache.jmeter.protocol.tcp.sampler.ReadException: ,线程组 2-30,text,true,,40,994,994,null,,0,UTF-8,1,0,testcrm.localdomain,0,0
1493118626870,60088,TCP_Report_ICall_HB_TextPush,500,org.apache.jmeter.protocol.tcp.sampler.ReadException: ,线程组 2-31,text,true,,40,995,995,null,,0,UTF-8,1,0,testcrm.localdomain,0,0
1493118626897,60083,TCP_Report_ICall_HB_TextPush,500,org.apache.jmeter.protocol.tcp.sampler.ReadException: ,线程组 2-32,text,true,,40,995,995,null,,0,UTF-8,1,0,testcrm.localdomain,0,0
1493118627019,60081,TCP_Report_ICall_HB_TextPush,500,org.apache.jmeter.protocol.tcp.sampler.ReadException: ,线程组 2-33,text,true,,40,997,997,null,,0,UTF-8,1,0,testcrm.localdomain,0,0
1493118627062,60086,TCP_Report_ICall_HB_TextPush,500,org.apache.jmeter.protocol.tcp.sampler.ReadException: ,线程组 2-34,text,true,,40,998,998,null,,0,UTF-8,1,0,testcrm.localdomain,0,0
1493118627124,60085,TCP_Report_ICall_HB_TextPush,500,org.apache.jmeter.protocol.tcp.sampler.ReadException: ,线程组 2-36,text,true,,40,999,999,null,,0,UTF-8,1,0,testcrm.localdomain,0,0
1493118627124,60086,TCP_Report_ICall_HB_TextPush,500,org.apache.jmeter.protocol.tcp.sampler.ReadException: ,线程组 2-35,text,true,,40,999,999,null,,0,UTF-8,1,0,testcrm.localdomain,0,0
1493118627208,60084,TCP_Report_ICall_HB_TextPush,500,org.apache.jmeter.protocol.tcp.sampler.ReadException: ,线程组 2-37,text,true,,40,1000,1000,null,,0,UTF-8,1,0,testcrm.localdomain,0,0
1493118627302,60056,TCP_Report_ICall_HB_TextPush,500,org.apache.jmeter.protocol.tcp.sampler.ReadException: ,线程组 2-38,text,true,,40,1000,1000,null,,0,UTF-8,1,0,testcrm.localdomain,0,0
1493118627356,60078,TCP_Report_ICall_HB_TextPush,500,org.apache.jmeter.protocol.tcp.sampler.ReadException: ,线程组 2-39,text,true,,40,1000,1000,null,,0,UTF-8,1,0,testcrm.localdomain,0,0
1493118627473,60036,TCP_Report_ICall_HB_TextPush,500,org.apache.jmeter.protocol.tcp.sampler.ReadException: ,线程组 2-41,text,true,,40,1000,1000,null,,0,UTF-8,1,0,testcrm.localdomain,0,0
1493118627472,60075,TCP_Report_ICall_HB_TextPush,500,org.apache.jmeter.protocol.tcp.sampler.ReadException: ,线程组 2-40,text,true,,40,1000,1000,null,,0,UTF-8,1,0,testcrm.localdomain,0,0
1493118627516,60069,TCP_Report_ICall_HB_TextPush,500,org.apache.jmeter.protocol.tcp.sampler.ReadException: ,线程组 2-42,text,true,,40,1000,1000,null,,0,UTF-8,1,0,testcrm.localdomain,0,0
1493118627638,60076,TCP_Report_ICall_HB_TextPush,500,org.apache.jmeter.protocol.tcp.sampler.ReadException: ,线程组 2-43,text,true,,40,1000,1000,null,,0,UTF-8,1,0,testcrm.localdomain,0,0
1493118627651,60083,TCP_Report_ICall_HB_TextPush,500,org.apache.jmeter.protocol.tcp.sampler.ReadException: ,线程组 2-44,text,true,,40,1000,1000,null,,0,UTF-8,1,0,testcrm.localdomain,0,0
1493118627696,60069,TCP_Report_ICall_HB_TextPush,500,org.apache.jmeter.protocol.tcp.sampler.ReadException: ,线程组 2-45,text,true,,40,1000,1000,null,,0,UTF-8,1,0,testcrm.localdomain,0,0
1493118627760,60084,TCP_Report_ICall_HB_TextPush,500,org.apache.jmeter.protocol.tcp.sampler.ReadException: ,线程组 2-46,text,true,,40,1000,1000,null,,0,UTF-8,1,0,testcrm.localdomain,0,0
1493118627819,60074,TCP_Report_ICall_HB_TextPush,500,org.apache.jmeter.protocol.tcp.sampler.ReadException: ,线程组 2-47,text,true,,40,1000,1000,null,,0,UTF-8,1,0,testcrm.localdomain,0,0
1493118627891,60071,TCP_Report_ICall_HB_TextPush,500,org.apache.jmeter.protocol.tcp.sampler.ReadException: ,线程组 2-48,text,true,,40,1000,1000,null,,0,UTF-8,1,0,testcrm.localdomain,0,0
1493118627959,60082,TCP_Report_ICall_HB_TextPush,500,org.apache.jmeter.protocol.tcp.sampler.ReadException: ,线程组 2-49,text,true,,40,1000,1000,null,,0,UTF-8,1,0,testcrm.localdomain,0,0
1493118628016,60098,TCP_Report_ICall_HB_TextPush,500,org.apache.jmeter.protocol.tcp.sampler.ReadException: ,线程组 2-50,text,true,,40,1000,1000,null,,0,UTF-8,1,0,testcrm.localdomain,0,0
1493118628165,60054,TCP_Report_ICall_HB_TextPush,500,org.apache.jmeter.protocol.tcp.sampler.ReadException: ,线程组 2-53,text,true,,40,1000,1000,null,,0,UTF-8,1,0,testcrm.localdomain,0,0
1493118628145,60075,TCP_Report_ICall_HB_TextPush,500,org.apache.jmeter.protocol.tcp.sampler.ReadException: ,线程组 2-51,text,true,,40,1000,1000,null,,0,UTF-8,1,0,testcrm.localdomain,0,0
1493118628144,60075,TCP_Report_ICall_HB_TextPush,500,org.apache.jmeter.protocol.tcp.sampler.ReadException: ,线程组 2-52,text,true,,40,1000,1000,null,,0,UTF-8,1,0,testcrm.localdomain,0,0
1493118628315,60053,TCP_Report_ICall_HB_TextPush,500,org.apache.jmeter.protocol.tcp.sampler.ReadException: ,线程组 2-55,text,true,,40,1000,1000,null,,0,UTF-8,1,0,testcrm.localdomain,0,0
1493118628308,60060,TCP_Report_ICall_HB_TextPush,500,org.apache.jmeter.protocol.tcp.sampler.ReadException: ,线程组 2-54,text,true,,40,1000,1000,null,,0,UTF-8,1,0,testcrm.localdomain,0,0
1493118628363,60056,TCP_Report_ICall_HB_TextPush,500,org.apache.jmeter.protocol.tcp.sampler.ReadException: ,线程组 2-56,text,true,,40,1000,1000,null,,0,UTF-8,1,0,testcrm.localdomain,0,0
1493118628432,60074,TCP_Report_ICall_HB_TextPush,500,org.apache.jmeter.protocol.tcp.sampler.ReadException: ,线程组 2-57,text,true,,40,1000,1000,null,,0,UTF-8,1,0,testcrm.localdomain,0,0
1493118628567,60073,TCP_Report_ICall_HB_TextPush,500,org.apache.jmeter.protocol.tcp.sampler.ReadException: ,线程组 2-58,text,true,,40,1000,1000,null,,0,UTF-8,1,0,testcrm.localdomain,0,0
1493118628581,60070,TCP_Report_ICall_HB_TextPush,500,org.apache.jmeter.protocol.tcp.sampler.ReadException: ,线程组 2-59,text,true,,40,1000,1000,null,,0,UTF-8,1,0,testcrm.localdomain,0,0
1493118628624,60046,TCP_Report_ICall_HB_TextPush,500,org.apache.jmeter.protocol.tcp.sampler.ReadException: ,线程组 2-60,text,true,,40,1000,1000,null,,0,UTF-8,1,0,testcrm.localdomain,0,0
1493118628756,60065,TCP_Report_ICall_HB_TextPush,500,org.apache.jmeter.protocol.tcp.sampler.ReadException: ,线程组 2-62,text,true,,40,1000,1000,null,,0,UTF-8,1,0,testcrm.localdomain,0,0
1493118628754,60064,TCP_Report_ICall_HB_TextPush,500,org.apache.jmeter.protocol.tcp.sampler.ReadException: ,线程组 2-61,text,true,,40,1000,1000,null,,0,UTF-8,1,0,testcrm.localdomain,0,0
1493118628901,60054,TCP_Report_ICall_HB_TextPush,500,org.apache.jmeter.protocol.tcp.sampler.ReadException: ,线程组 2-63,text,true,,40,1000,1000,null,,0,UTF-8,1,0,testcrm.localdomain,0,0
1493118628978,60076,TCP_Report_ICall_HB_TextPush,500,org.apache.jmeter.protocol.tcp.sampler.ReadException: ,线程组 2-64,text,true,,40,1000,1000,null,,0,UTF-8,1,0,testcrm.localdomain,0,0
1493118628999,60081,TCP_Report_ICall_HB_TextPush,500,org.apache.jmeter.protocol.tcp.sampler.ReadException: ,线程组 2-65,text,true,,40,1000,1000,null,,0,UTF-8,1,0,testcrm.localdomain,0,0
1493118629041,60079,TCP_Report_ICall_HB_TextPush,500,org.apache.jmeter.protocol.tcp.sampler.ReadException: ,线程组 2-66,text,true,,40,1000,1000,null,,0,UTF-8,1,0,testcrm.localdomain,0,0
1493118629081,60076,TCP_Report_ICall_HB_TextPush,500,org.apache.jmeter.protocol.tcp.sampler.ReadException: ,线程组 2-67,text,true,,40,1000,1000,null,,0,UTF-8,1,0,testcrm.localdomain,0,0
1493118629131,60042,TCP_Report_ICall_HB_TextPush,500,org.apache.jmeter.protocol.tcp.sampler.ReadException: ,线程组 2-68,text,true,,40,1000,1000,null,,0,UTF-8,1,0,testcrm.localdomain,0,0
1493118629178,60045,TCP_Report_ICall_HB_TextPush,500,org.apache.jmeter.protocol.tcp.sampler.ReadException: ,线程组 2-69,text,true,,40,1000,1000,null,,0,UTF-8,1,0,testcrm.localdomain,0,0
1493118629306,60018,TCP_Report_ICall_HB_TextPush,500,org.apache.jmeter.protocol.tcp.sampler.ReadException: ,线程组 2-71,text,true,,40,1000,1000,null,,0,UTF-8,1,0,testcrm.localdomain,0,0
1493118629289,60066,TCP_Report_ICall_HB_TextPush,500,org.apache.jmeter.protocol.tcp.sampler.ReadException: ,线程组 2-70,text,true,,40,1000,1000,null,,0,UTF-8,1,0,testcrm.localdomain,0,0
1493118629405,60072,TCP_Report_ICall_HB_TextPush,500,org.apache.jmeter.protocol.tcp.sampler.ReadException: ,线程组 2-72,text,true,,40,1000,1000,null,,0,UTF-8,1,0,testcrm.localdomain,0,0
1493118629444,60069,TCP_Report_ICall_HB_TextPush,500,org.apache.jmeter.protocol.tcp.sampler.ReadException: ,线程组 2-73,text,true,,40,1000,1000,null,,0,UTF-8,1,0,testcrm.localdomain,0,0
1493118629522,60083,TCP_Report_ICall_HB_TextPush,500,org.apache.jmeter.protocol.tcp.sampler.ReadException: ,线程组 2-74,text,true,,40,1000,1000,null,,0,UTF-8,1,0,testcrm.localdomain,0,0
1493118629574,60076,TCP_Report_ICall_HB_TextPush,500,org.apache.jmeter.protocol.tcp.sampler.ReadException: ,线程组 2-75,text,true,,40,1000,1000,null,,0,UTF-8,1,0,testcrm.localdomain,0,0
1493118629640,60063,TCP_Report_ICall_HB_TextPush,500,org.apache.jmeter.protocol.tcp.sampler.ReadException: ,线程组 2-76,text,true,,40,1000,1000,null,,0,UTF-8,1,0,testcrm.localdomain,0,0
1493118629670,60065,TCP_Report_ICall_HB_TextPush,500,org.apache.jmeter.protocol.tcp.sampler.ReadException: ,线程组 2-77,text,true,,40,1000,1000,null,,0,UTF-8,1,0,testcrm.localdomain,0,0
1493118629712,60072,TCP_Report_ICall_HB_TextPush,500,org.apache.jmeter.protocol.tcp.sampler.ReadException: ,线程组 2-78,text,true,,40,1000,1000,null,,0,UTF-8,1,0,testcrm.localdomain,0,0
1493118629807,60069,TCP_Report_ICall_HB_TextPush,500,org.apache.jmeter.protocol.tcp.sampler.ReadException: ,线程组 2-80,text,true,,40,1000,1000,null,,0,UTF-8,1,0,testcrm.localdomain,0,0
1493118629864,60064,TCP_Report_ICall_HB_TextPush,500,org.apache.jmeter.protocol.tcp.sampler.ReadException: ,线程组 2-79,text,true,,40,1000,1000,null,,0,UTF-8,1,0,testcrm.localdomain,0,0
1493118629907,60091,TCP_Report_ICall_HB_TextPush,500,org.apache.jmeter.protocol.tcp.sampler.ReadException: ,线程组 2-81,text,true,,40,1000,1000,null,,0,UTF-8,1,0,testcrm.localdomain,0,0
1493118630049,60078,TCP_Report_ICall_HB_TextPush,500,org.apache.jmeter.protocol.tcp.sampler.ReadException: ,线程组 2-82,text,true,,40,1000,1000,null,,0,UTF-8,1,0,testcrm.localdomain,0,0
1493118630108,60019,TCP_Report_ICall_HB_TextPush,500,org.apache.jmeter.protocol.tcp.sampler.ReadException: ,线程组 2-84,text,true,,40,1000,1000,null,,0,UTF-8,1,0,testcrm.localdomain,0,0
1493118630120,60084,TCP_Report_ICall_HB_TextPush,500,org.apache.jmeter.protocol.tcp.sampler.ReadException: ,线程组 2-83,text,true,,40,1000,1000,null,,0,UTF-8,1,0,testcrm.localdomain,0,0
1493118630204,60076,TCP_Report_ICall_HB_TextPush,500,org.apache.jmeter.protocol.tcp.sampler.ReadException: ,线程组 2-85,text,true,,40,1000,1000,null,,0,UTF-8,1,0,testcrm.localdomain,0,0
1493118630223,60073,TCP_Report_ICall_HB_TextPush,500,org.apache.jmeter.protocol.tcp.sampler.ReadException: ,线程组 2-86,text,true,,40,1000,1000,null,,0,UTF-8,1,0,testcrm.localdomain,0,0
1493118630349,60013,TCP_Report_ICall_HB_TextPush,500,org.apache.jmeter.protocol.tcp.sampler.ReadException: ,线程组 2-88,text,true,,40,1000,1000,null,,0,UTF-8,1,0,testcrm.localdomain,0,0
1493118630301,60071,TCP_Report_ICall_HB_TextPush,500,org.apache.jmeter.protocol.tcp.sampler.ReadException: ,线程组 2-87,text,true,,40,1000,1000,null,,0,UTF-8,1,0,testcrm.localdomain,0,0
1493118630454,60077,TCP_Report_ICall_HB_TextPush,500,org.apache.jmeter.protocol.tcp.sampler.ReadException: ,线程组 2-89,text,true,,40,1000,1000,null,,0,UTF-8,1,0,testcrm.localdomain,0,0
1493118630578,60053,TCP_Report_ICall_HB_TextPush,500,org.apache.jmeter.protocol.tcp.sampler.ReadException: ,线程组 2-91,text,true,,40,1000,1000,null,,0,UTF-8,1,0,testcrm.localdomain,0,0
1493118630574,60063,TCP_Report_ICall_HB_TextPush,500,org.apache.jmeter.protocol.tcp.sampler.ReadException: ,线程组 2-90,text,true,,40,1000,1000,null,,0,UTF-8,1,0,testcrm.localdomain,0,0
1493118630656,60064,TCP_Report_ICall_HB_TextPush,500,org.apache.jmeter.protocol.tcp.sampler.ReadException: ,线程组 2-92,text,true,,40,1000,1000,null,,0,UTF-8,1,0,testcrm.localdomain,0,0
1493118630703,60066,TCP_Report_ICall_HB_TextPush,500,org.apache.jmeter.protocol.tcp.sampler.ReadException: ,线程组 2-93,text,true,,40,1000,1000,null,,0,UTF-8,1,0,testcrm.localdomain,0,0
1493118630748,60034,TCP_Report_ICall_HB_TextPush,500,org.apache.jmeter.protocol.tcp.sampler.ReadException: ,线程组 2-94,text,true,,40,1000,1000,null,,0,UTF-8,1,0,testcrm.localdomain,0,0
1493118630844,60083,TCP_Report_ICall_HB_TextPush,500,org.apache.jmeter.protocol.tcp.sampler.ReadException: ,线程组 2-95,text,true,,40,1000,1000,null,,0,UTF-8,1,0,testcrm.localdomain,0,0
1493118630998,60056,TCP_Report_ICall_HB_TextPush,500,org.apache.jmeter.protocol.tcp.sampler.ReadException: ,线程组 2-97,text,true,,40,1000,1000,null,,0,UTF-8,1,0,testcrm.localdomain,0,0
1493118631002,60094,TCP_Report_ICall_HB_TextPush,500,org.apache.jmeter.protocol.tcp.sampler.ReadException: ,线程组 2-96,text,true,,40,1000,1000,null,,0,UTF-8,1,0,testcrm.localdomain,0,0
1493118631126,60057,TCP_Report_ICall_HB_TextPush,500,org.apache.jmeter.protocol.tcp.sampler.ReadException: ,线程组 2-98,text,true,,40,1000,1000,null,,0,UTF-8,1,0,testcrm.localdomain,0,0
1493118631165,60068,TCP_Report_ICall_HB_TextPush,500,org.apache.jmeter.protocol.tcp.sampler.ReadException: ,线程组 2-99,text,true,,40,1000,1000,null,,0,UTF-8,1,0,testcrm.localdomain,0,0
1493118631284,60090,TCP_Report_ICall_HB_TextPush,500,org.apache.jmeter.protocol.tcp.sampler.ReadException: ,线程组 2-101,text,true,,40,1000,1000,null,,0,UTF-8,1,0,testcrm.localdomain,0,0
1493118631370,60067,TCP_Report_ICall_HB_TextPush,500,org.apache.jmeter.protocol.tcp.sampler.ReadException: ,线程组 2-100,text,true,,40,1000,1000,null,,0,UTF-8,1,0,testcrm.localdomain,0,0
1493118631404,60115,TCP_Report_ICall_HB_TextPush,500,org.apache.jmeter.protocol.tcp.sampler.ReadException: ,线程组 2-104,text,true,,40,1000,1000,null,,0,UTF-8,1,0,testcrm.localdomain,0,0
1493118631374,60145,TCP_Report_ICall_HB_TextPush,500,org.apache.jmeter.protocol.tcp.sampler.ReadException: ,线程组 2-103,text,true,,40,1000,1000,null,,0,UTF-8,1,0,testcrm.localdomain,0,0
1493118631385,60175,TCP_Report_ICall_HB_TextPush,500,org.apache.jmeter.protocol.tcp.sampler.ReadException: ,线程组 2-102,text,true,,40,1000,1000,null,,0,UTF-8,1,0,testcrm.localdomain,0,0
1493118631462,60104,TCP_Report_ICall_HB_TextPush,500,org.apache.jmeter.protocol.tcp.sampler.ReadException: ,线程组 2-105,text,true,,40,1000,1000,null,,0,UTF-8,1,0,testcrm.localdomain,0,0
1493118631514,60091,TCP_Report_ICall_HB_TextPush,500,org.apache.jmeter.protocol.tcp.sampler.ReadException: ,线程组 2-106,text,true,,40,1000,1000,null,,0,UTF-8,1,0,testcrm.localdomain,0,0
1493118631584,60078,TCP_Report_ICall_HB_TextPush,500,org.apache.jmeter.protocol.tcp.sampler.ReadException: ,线程组 2-107,text,true,,40,1000,1000,null,,0,UTF-8,1,0,testcrm.localdomain,0,0
1493118631639,60023,TCP_Report_ICall_HB_TextPush,500,org.apache.jmeter.protocol.tcp.sampler.ReadException: ,线程组 2-108,text,true,,40,1000,1000,null,,0,UTF-8,1,0,testcrm.localdomain,0,0
1493118631655,60072,TCP_Report_ICall_HB_TextPush,500,org.apache.jmeter.protocol.tcp.sampler.ReadException: ,线程组 2-109,text,true,,40,1000,1000,null,,0,UTF-8,1,0,testcrm.localdomain,0,0
1493118631690,60073,TCP_Report_ICall_HB_TextPush,500,org.apache.jmeter.protocol.tcp.sampler.ReadException: ,线程组 2-110,text,true,,40,1000,1000,null,,0,UTF-8,1,0,testcrm.localdomain,0,0
1493118631771,60075,TCP_Report_ICall_HB_TextPush,500,org.apache.jmeter.protocol.tcp.sampler.ReadException: ,线程组 2-111,text,true,,40,1000,1000,null,,0,UTF-8,1,0,testcrm.localdomain,0,0
1493118631817,60067,TCP_Report_ICall_HB_TextPush,500,org.apache.jmeter.protocol.tcp.sampler.ReadException: ,线程组 2-112,text,true,,40,1000,1000,null,,0,UTF-8,1,0,testcrm.localdomain,0,0
1493118631866,60067,TCP_Report_ICall_HB_TextPush,500,org.apache.jmeter.protocol.tcp.sampler.ReadException: ,线程组 2-113,text,true,,40,1000,1000,null,,0,UTF-8,1,0,testcrm.localdomain,0,0
1493118631931,60061,TCP_Report_ICall_HB_TextPush,500,org.apache.jmeter.protocol.tcp.sampler.ReadException: ,线程组 2-114,text,true,,40,1000,1000,null,,0,UTF-8,1,0,testcrm.localdomain,0,0
1493118631999,60068,TCP_Report_ICall_HB_TextPush,500,org.apache.jmeter.protocol.tcp.sampler.ReadException: ,线程组 2-115,text,true,,40,1000,1000,null,,0,UTF-8,1,0,testcrm.localdomain,0,0
1493118632034,60085,TCP_Report_ICall_HB_TextPush,500,org.apache.jmeter.protocol.tcp.sampler.ReadException: ,线程组 2-116,text,true,,40,1000,1000,null,,0,UTF-8,1,0,testcrm.localdomain,0,0
1493118632151,60073,TCP_Report_ICall_HB_TextPush,500,org.apache.jmeter.protocol.tcp.sampler.ReadException: ,线程组 2-117,text,true,,40,1000,1000,null,,0,UTF-8,1,0,testcrm.localdomain,0,0
1493118632189,60087,TCP_Report_ICall_HB_TextPush,500,org.apache.jmeter.protocol.tcp.sampler.ReadException: ,线程组 2-118,text,true,,40,1000,1000,null,,0,UTF-8,1,0,testcrm.localdomain,0,0
1493118632318,60076,TCP_Report_ICall_HB_TextPush,500,org.apache.jmeter.protocol.tcp.sampler.ReadException: ,线程组 2-119,text,true,,40,1000,1000,null,,0,UTF-8,1,0,testcrm.localdomain,0,0
1493118632341,60060,TCP_Report_ICall_HB_TextPush,500,org.apache.jmeter.protocol.tcp.sampler.ReadException: ,线程组 2-120,text,true,,40,1000,1000,null,,0,UTF-8,1,0,testcrm.localdomain,0,0
1493118632355,60050,TCP_Report_ICall_HB_TextPush,500,org.apache.jmeter.protocol.tcp.sampler.ReadException: ,线程组 2-121,text,true,,40,1000,1000,null,,0,UTF-8,1,0,testcrm.localdomain,0,0
1493118632392,60073,TCP_Report_ICall_HB_TextPush,500,org.apache.jmeter.protocol.tcp.sampler.ReadException: ,线程组 2-122,text,true,,40,1000,1000,null,,0,UTF-8,1,0,testcrm.localdomain,0,0
1493118632496,60063,TCP_Report_ICall_HB_TextPush,500,org.apache.jmeter.protocol.tcp.sampler.ReadException: ,线程组 2-123,text,true,,40,1000,1000,null,,0,UTF-8,1,0,testcrm.localdomain,0,0
1493118632527,60070,TCP_Report_ICall_HB_TextPush,500,org.apache.jmeter.protocol.tcp.sampler.ReadException: ,线程组 2-124,text,true,,40,1000,1000,null,,0,UTF-8,1,0,testcrm.localdomain,0,0
1493118632567,60071,TCP_Report_ICall_HB_TextPush,500,org.apache.jmeter.protocol.tcp.sampler.ReadException: ,线程组 2-125,text,true,,40,1000,1000,null,,0,UTF-8,1,0,testcrm.localdomain,0,0
1493118632654,60068,TCP_Report_ICall_HB_TextPush,500,org.apache.jmeter.protocol.tcp.sampler.ReadException: ,线程组 2-126,text,true,,40,1000,1000,null,,0,UTF-8,1,0,testcrm.localdomain,0,0
1493118632754,60071,TCP_Report_ICall_HB_TextPush,500,org.apache.jmeter.protocol.tcp.sampler.ReadException: ,线程组 2-127,text,true,,40,1000,1000,null,,0,UTF-8,1,0,testcrm.localdomain,0,0
1493118632815,60079,TCP_Report_ICall_HB_TextPush,500,org.apache.jmeter.protocol.tcp.sampler.ReadException: ,线程组 2-128,text,true,,40,1000,1000,null,,0,UTF-8,1,0,testcrm.localdomain,0,0
1493118632945,60068,TCP_Report_ICall_HB_TextPush,500,org.apache.jmeter.protocol.tcp.sampler.ReadException: ,线程组 2-129,text,true,,40,1000,1000,null,,0,UTF-8,1,0,testcrm.localdomain,0,0
1493118632944,60084,TCP_Report_ICall_HB_TextPush,500,org.apache.jmeter.protocol.tcp.sampler.ReadException: ,线程组 2-130,text,true,,40,1000,1000,null,,0,UTF-8,1,0,testcrm.localdomain,0,0
1493118633083,60073,TCP_Report_ICall_HB_TextPush,500,org.apache.jmeter.protocol.tcp.sampler.ReadException: ,线程组 2-131,text,true,,40,1000,1000,null,,0,UTF-8,1,0,testcrm.localdomain,0,0
1493118633085,60075,TCP_Report_ICall_HB_TextPush,500,org.apache.jmeter.protocol.tcp.sampler.ReadException: ,线程组 2-132,text,true,,40,1000,1000,null,,0,UTF-8,1,0,testcrm.localdomain,0,0
1493118633134,60069,TCP_Report_ICall_HB_TextPush,500,org.apache.jmeter.protocol.tcp.sampler.ReadException: ,线程组 2-133,text,true,,40,1000,1000,null,,0,UTF-8,1,0,testcrm.localdomain,0,0
1493118633241,60089,TCP_Report_ICall_HB_TextPush,500,org.apache.jmeter.protocol.tcp.sampler.ReadException: ,线程组 2-134,text,true,,40,1000,1000,null,,0,UTF-8,1,0,testcrm.localdomain,0,0
1493118633271,60069,TCP_Report_ICall_HB_TextPush,500,org.apache.jmeter.protocol.tcp.sampler.ReadException: ,线程组 2-135,text,true,,40,1000,1000,null,,0,UTF-8,1,0,testcrm.localdomain,0,0
1493118633353,60074,TCP_Report_ICall_HB_TextPush,500,org.apache.jmeter.protocol.tcp.sampler.ReadException: ,线程组 2-136,text,true,,40,1000,1000,null,,0,UTF-8,1,0,testcrm.localdomain,0,0
1493118633433,60110,TCP_Report_ICall_HB_TextPush,500,org.apache.jmeter.protocol.tcp.sampler.ReadException: ,线程组 2-137,text,true,,40,1000,1000,null,,0,UTF-8,1,0,testcrm.localdomain,0,0
1493118633508,60051,TCP_Report_ICall_HB_TextPush,500,org.apache.jmeter.protocol.tcp.sampler.ReadException: ,线程组 2-138,text,true,,40,1000,1000,null,,0,UTF-8,1,0,testcrm.localdomain,0,0
1493118633541,60072,TCP_Report_ICall_HB_TextPush,500,org.apache.jmeter.protocol.tcp.sampler.ReadException: ,线程组 2-139,text,true,,40,1000,1000,null,,0,UTF-8,1,0,testcrm.localdomain,0,0
1493118633621,60038,TCP_Report_ICall_HB_TextPush,500,org.apache.jmeter.protocol.tcp.sampler.ReadException: ,线程组 2-140,text,true,,40,1000,1000,null,,0,UTF-8,1,0,testcrm.localdomain,0,0
1493118634199,60062,TCP_Report_ICall_HB_TextPush,500,org.apache.jmeter.protocol.tcp.sampler.ReadException: ,线程组 2-141,text,true,,40,1000,1000,null,,0,UTF-8,1,0,testcrm.localdomain,0,0
1493118634213,60073,TCP_Report_ICall_HB_TextPush,500,org.apache.jmeter.protocol.tcp.sampler.ReadException: ,线程组 2-146,text,true,,40,1000,1000,null,,0,UTF-8,1,0,testcrm.localdomain,0,0
1493118634223,60063,TCP_Report_ICall_HB_TextPush,500,org.apache.jmeter.protocol.tcp.sampler.ReadException: ,线程组 2-147,text,true,,40,1000,1000,null,,0,UTF-8,1,0,testcrm.localdomain,0,0
1493118634252,60058,TCP_Report_ICall_HB_TextPush,500,org.apache.jmeter.protocol.tcp.sampler.ReadException: ,线程组 2-143,text,true,,40,1000,1000,null,,0,UTF-8,1,0,testcrm.localdomain,0,0
1493118634224,60086,TCP_Report_ICall_HB_TextPush,500,org.apache.jmeter.protocol.tcp.sampler.ReadException: ,线程组 2-148,text,true,,40,1000,1000,null,,0,UTF-8,1,0,testcrm.localdomain,0,0
1493118634223,60088,TCP_Report_ICall_HB_TextPush,500,org.apache.jmeter.protocol.tcp.sampler.ReadException: ,线程组 2-145,text,true,,40,1000,1000,null,,0,UTF-8,1,0,testcrm.localdomain,0,0
1493118634253,60085,TCP_Report_ICall_HB_TextPush,500,org.apache.jmeter.protocol.tcp.sampler.ReadException: ,线程组 2-149,text,true,,40,1000,1000,null,,0,UTF-8,1,0,testcrm.localdomain,0,0
1493118634250,60087,TCP_Report_ICall_HB_TextPush,500,org.apache.jmeter.protocol.tcp.sampler.ReadException: ,线程组 2-144,text,true,,40,1000,1000,null,,0,UTF-8,1,0,testcrm.localdomain,0,0
1493118634252,60093,TCP_Report_ICall_HB_TextPush,500,org.apache.jmeter.protocol.tcp.sampler.ReadException: ,线程组 2-150,text,true,,40,1000,1000,null,,0,UTF-8,1,0,testcrm.localdomain,0,0
1493118634290,60071,TCP_Report_ICall_HB_TextPush,500,org.apache.jmeter.protocol.tcp.sampler.ReadException: ,线程组 2-142,text,true,,40,1000,1000,null,,0,UTF-8,1,0,testcrm.localdomain,0,0
1493118634313,60078,TCP_Report_ICall_HB_TextPush,500,org.apache.jmeter.protocol.tcp.sampler.ReadException: ,线程组 2-151,text,true,,40,1000,1000,null,,0,UTF-8,1,0,testcrm.localdomain,0,0
1493118634421,60074,TCP_Report_ICall_HB_TextPush,500,org.apache.jmeter.protocol.tcp.sampler.ReadException: ,线程组 2-152,text,true,,40,1000,1000,null,,0,UTF-8,1,0,testcrm.localdomain,0,0
1493118634463,60056,TCP_Report_ICall_HB_TextPush,500,org.apache.jmeter.protocol.tcp.sampler.ReadException: ,线程组 2-153,text,true,,40,1000,1000,null,,0,UTF-8,1,0,testcrm.localdomain,0,0
1493118634597,60051,TCP_Report_ICall_HB_TextPush,500,org.apache.jmeter.protocol.tcp.sampler.ReadException: ,线程组 2-155,text,true,,40,1000,1000,null,,0,UTF-8,1,0,testcrm.localdomain,0,0
1493118634600,60084,TCP_Report_ICall_HB_TextPush,500,org.apache.jmeter.protocol.tcp.sampler.ReadException: ,线程组 2-154,text,true,,40,1000,1000,null,,0,UTF-8,1,0,testcrm.localdomain,0,0
1493118634654,60063,TCP_Report_ICall_HB_TextPush,500,org.apache.jmeter.protocol.tcp.sampler.ReadException: ,线程组 2-156,text,true,,40,1000,1000,null,,0,UTF-8,1,0,testcrm.localdomain,0,0
1493118634703,60079,TCP_Report_ICall_HB_TextPush,500,org.apache.jmeter.protocol.tcp.sampler.ReadException: ,线程组 2-157,text,true,,40,1000,1000,null,,0,UTF-8,1,0,testcrm.localdomain,0,0
1493118634773,60072,TCP_Report_ICall_HB_TextPush,500,org.apache.jmeter.protocol.tcp.sampler.ReadException: ,线程组 2-158,text,true,,40,1000,1000,null,,0,UTF-8,1,0,testcrm.localdomain,0,0
1493118634834,60065,TCP_Report_ICall_HB_TextPush,500,org.apache.jmeter.protocol.tcp.sampler.ReadException: ,线程组 2-159,text,true,,40,1000,1000,null,,0,UTF-8,1,0,testcrm.localdomain,0,0
1493118634968,60062,TCP_Report_ICall_HB_TextPush,500,org.apache.jmeter.protocol.tcp.sampler.ReadException: ,线程组 2-160,text,true,,40,1000,1000,null,,0,UTF-8,1,0,testcrm.localdomain,0,0
1493118635032,60030,TCP_Report_ICall_HB_TextPush,500,org.apache.jmeter.protocol.tcp.sampler.ReadException: ,线程组 2-161,text,true,,40,1000,1000,null,,0,UTF-8,1,0,testcrm.localdomain,0,0
1493118635061,60064,TCP_Report_ICall_HB_TextPush,500,org.apache.jmeter.protocol.tcp.sampler.ReadException: ,线程组 2-162,text,true,,40,1000,1000,null,,0,UTF-8,1,0,testcrm.localdomain,0,0
1493118635133,60063,TCP_Report_ICall_HB_TextPush,500,org.apache.jmeter.protocol.tcp.sampler.ReadException: ,线程组 2-163,text,true,,40,1000,1000,null,,0,UTF-8,1,0,testcrm.localdomain,0,0
1493118635180,60082,TCP_Report_ICall_HB_TextPush,500,org.apache.jmeter.protocol.tcp.sampler.ReadException: ,线程组 2-164,text,true,,40,1000,1000,null,,0,UTF-8,1,0,testcrm.localdomain,0,0
1493118635271,60077,TCP_Report_ICall_HB_TextPush,500,org.apache.jmeter.protocol.tcp.sampler.ReadException: ,线程组 2-165,text,true,,40,1000,1000,null,,0,UTF-8,1,0,testcrm.localdomain,0,0
1493118635302,60061,TCP_Report_ICall_HB_TextPush,500,org.apache.jmeter.protocol.tcp.sampler.ReadException: ,线程组 2-166,text,true,,40,1000,1000,null,,0,UTF-8,1,0,testcrm.localdomain,0,0
1493118635360,60064,TCP_Report_ICall_HB_TextPush,500,org.apache.jmeter.protocol.tcp.sampler.ReadException: ,线程组 2-167,text,true,,40,1000,1000,null,,0,UTF-8,1,0,testcrm.localdomain,0,0
1493118635404,60059,TCP_Report_ICall_HB_TextPush,500,org.apache.jmeter.protocol.tcp.sampler.ReadException: ,线程组 2-168,text,true,,40,1000,1000,null,,0,UTF-8,1,0,testcrm.localdomain,0,0
1493118635490,60061,TCP_Report_ICall_HB_TextPush,500,org.apache.jmeter.protocol.tcp.sampler.ReadException: ,线程组 2-169,text,true,,40,1000,1000,null,,0,UTF-8,1,0,testcrm.localdomain,0,0
1493118635560,60082,TCP_Report_ICall_HB_TextPush,500,org.apache.jmeter.protocol.tcp.sampler.ReadException: ,线程组 2-170,text,true,,40,1000,1000,null,,0,UTF-8,1,0,testcrm.localdomain,0,0
1493118635648,60063,TCP_Report_ICall_HB_TextPush,500,org.apache.jmeter.protocol.tcp.sampler.ReadException: ,线程组 2-171,text,true,,40,1000,1000,null,,0,UTF-8,1,0,testcrm.localdomain,0,0
1493118635672,60068,TCP_Report_ICall_HB_TextPush,500,org.apache.jmeter.protocol.tcp.sampler.ReadException: ,线程组 2-172,text,true,,40,1000,1000,null,,0,UTF-8,1,0,testcrm.localdomain,0,0
1493118635721,60063,TCP_Report_ICall_HB_TextPush,500,org.apache.jmeter.protocol.tcp.sampler.ReadException: ,线程组 2-173,text,true,,40,1000,1000,null,,0,UTF-8,1,0,testcrm.localdomain,0,0
1493118635780,60063,TCP_Report_ICall_HB_TextPush,500,org.apache.jmeter.protocol.tcp.sampler.ReadException: ,线程组 2-174,text,true,,40,1000,1000,null,,0,UTF-8,1,0,testcrm.localdomain,0,0
1493118635831,60063,TCP_Report_ICall_HB_TextPush,500,org.apache.jmeter.protocol.tcp.sampler.ReadException: ,线程组 2-175,text,true,,40,1000,1000,null,,0,UTF-8,1,0,testcrm.localdomain,0,0
1493118635908,60063,TCP_Report_ICall_HB_TextPush,500,org.apache.jmeter.protocol.tcp.sampler.ReadException: ,线程组 2-176,text,true,,40,1000,1000,null,,0,UTF-8,1,0,testcrm.localdomain,0,0
1493118635943,60063,TCP_Report_ICall_HB_TextPush,500,org.apache.jmeter.protocol.tcp.sampler.ReadException: ,线程组 2-177,text,true,,40,1000,1000,null,,0,UTF-8,1,0,testcrm.localdomain,0,0
1493118636026,60062,TCP_Report_ICall_HB_TextPush,500,org.apache.jmeter.protocol.tcp.sampler.ReadException: ,线程组 2-178,text,true,,40,1000,1000,null,,0,UTF-8,1,0,testcrm.localdomain,0,0
1493118636059,60062,TCP_Report_ICall_HB_TextPush,500,org.apache.jmeter.protocol.tcp.sampler.ReadException: ,线程组 2-179,text,true,,40,1000,1000,null,,0,UTF-8,1,0,testcrm.localdomain,0,0
1493118636131,60062,TCP_Report_ICall_HB_TextPush,500,org.apache.jmeter.protocol.tcp.sampler.ReadException: ,线程组 2-180,text,true,,40,1000,1000,null,,0,UTF-8,1,0,testcrm.localdomain,0,0
1493118636209,60078,TCP_Report_ICall_HB_TextPush,500,org.apache.jmeter.protocol.tcp.sampler.ReadException: ,线程组 2-181,text,true,,40,1000,1000,null,,0,UTF-8,1,0,testcrm.localdomain,0,0
1493118636290,60062,TCP_Report_ICall_HB_TextPush,500,org.apache.jmeter.protocol.tcp.sampler.ReadException: ,线程组 2-182,text,true,,40,1000,1000,null,,0,UTF-8,1,0,testcrm.localdomain,0,0
1493118636390,60064,TCP_Report_ICall_HB_TextPush,500,org.apache.jmeter.protocol.tcp.sampler.ReadException: ,线程组 2-183,text,true,,40,1000,1000,null,,0,UTF-8,1,0,testcrm.localdomain,0,0
1493118636417,60037,TCP_Report_ICall_HB_TextPush,500,org.apache.jmeter.protocol.tcp.sampler.ReadException: ,线程组 2-184,text,true,,40,1000,1000,null,,0,UTF-8,1,0,testcrm.localdomain,0,0
1493118636433,60065,TCP_Report_ICall_HB_TextPush,500,org.apache.jmeter.protocol.tcp.sampler.ReadException: ,线程组 2-185,text,true,,40,1000,1000,null,,0,UTF-8,1,0,testcrm.localdomain,0,0
1493118636504,60060,TCP_Report_ICall_HB_TextPush,500,org.apache.jmeter.protocol.tcp.sampler.ReadException: ,线程组 2-186,text,true,,40,1000,1000,null,,0,UTF-8,1,0,testcrm.localdomain,0,0
1493118636557,60054,TCP_Report_ICall_HB_TextPush,500,org.apache.jmeter.protocol.tcp.sampler.ReadException: ,线程组 2-187,text,true,,40,1000,1000,null,,0,UTF-8,1,0,testcrm.localdomain,0,0
1493118636635,60029,TCP_Report_ICall_HB_TextPush,500,org.apache.jmeter.protocol.tcp.sampler.ReadException: ,线程组 2-188,text,true,,40,1000,1000,null,,0,UTF-8,1,0,testcrm.localdomain,0,0
1493118636664,60062,TCP_Report_ICall_HB_TextPush,500,org.apache.jmeter.protocol.tcp.sampler.ReadException: ,线程组 2-189,text,true,,40,1000,1000,null,,0,UTF-8,1,0,testcrm.localdomain,0,0
1493118636725,60062,TCP_Report_ICall_HB_TextPush,500,org.apache.jmeter.protocol.tcp.sampler.ReadException: ,线程组 2-190,text,true,,40,1000,1000,null,,0,UTF-8,1,0,testcrm.localdomain,0,0
1493118636807,60058,TCP_Report_ICall_HB_TextPush,500,org.apache.jmeter.protocol.tcp.sampler.ReadException: ,线程组 2-191,text,true,,40,1000,1000,null,,0,UTF-8,1,0,testcrm.localdomain,0,0
1493118636867,60062,TCP_Report_ICall_HB_TextPush,500,org.apache.jmeter.protocol.tcp.sampler.ReadException: ,线程组 2-192,text,true,,40,1000,1000,null,,0,UTF-8,1,0,testcrm.localdomain,0,0
1493118636918,60062,TCP_Report_ICall_HB_TextPush,500,org.apache.jmeter.protocol.tcp.sampler.ReadException: ,线程组 2-193,text,true,,40,1000,1000,null,,0,UTF-8,1,0,testcrm.localdomain,0,0
1493118637124,60010,TCP_Report_ICall_HB_TextPush,500,org.apache.jmeter.protocol.tcp.sampler.ReadException: ,线程组 2-196,text,true,,40,1000,1000,null,,0,UTF-8,1,0,testcrm.localdomain,0,0
1493118637080,60063,TCP_Report_ICall_HB_TextPush,500,org.apache.jmeter.protocol.tcp.sampler.ReadException: ,线程组 2-195,text,true,,40,1000,1000,null,,0,UTF-8,1,0,testcrm.localdomain,0,0
1493118637084,60059,TCP_Report_ICall_HB_TextPush,500,org.apache.jmeter.protocol.tcp.sampler.ReadException: ,线程组 2-194,text,true,,40,1000,1000,null,,0,UTF-8,1,0,testcrm.localdomain,0,0
1493118637267,60047,TCP_Report_ICall_HB_TextPush,500,org.apache.jmeter.protocol.tcp.sampler.ReadException: ,线程组 2-197,text,true,,40,1000,1000,null,,0,UTF-8,1,0,testcrm.localdomain,0,0
1493118637267,60047,TCP_Report_ICall_HB_TextPush,500,org.apache.jmeter.protocol.tcp.sampler.ReadException: ,线程组 2-198,text,true,,40,1000,1000,null,,0,UTF-8,1,0,testcrm.localdomain,0,0
1493118637332,60069,TCP_Report_ICall_HB_TextPush,500,org.apache.jmeter.protocol.tcp.sampler.ReadException: ,线程组 2-199,text,true,,40,1000,1000,null,,0,UTF-8,1,0,testcrm.localdomain,0,0
1493118637354,60062,TCP_Report_ICall_HB_TextPush,500,org.apache.jmeter.protocol.tcp.sampler.ReadException: ,线程组 2-200,text,true,,40,1000,1000,null,,0,UTF-8,1,0,testcrm.localdomain,0,0
1493118637431,60078,TCP_Report_ICall_HB_TextPush,500,org.apache.jmeter.protocol.tcp.sampler.ReadException: ,线程组 2-201,text,true,,40,1000,1000,null,,0,UTF-8,1,0,testcrm.localdomain,0,0
1493118637505,60070,TCP_Report_ICall_HB_TextPush,500,org.apache.jmeter.protocol.tcp.sampler.ReadException: ,线程组 2-202,text,true,,40,1000,1000,null,,0,UTF-8,1,0,testcrm.localdomain,0,0
1493118637579,60062,TCP_Report_ICall_HB_TextPush,500,org.apache.jmeter.protocol.tcp.sampler.ReadException: ,线程组 2-203,text,true,,40,1000,1000,null,,0,UTF-8,1,0,testcrm.localdomain,0,0
1493118637592,60065,TCP_Report_ICall_HB_TextPush,500,org.apache.jmeter.protocol.tcp.sampler.ReadException: ,线程组 2-204,text,true,,40,1000,1000,null,,0,UTF-8,1,0,testcrm.localdomain,0,0
1493118637634,60076,TCP_Report_ICall_HB_TextPush,500,org.apache.jmeter.protocol.tcp.sampler.ReadException: ,线程组 2-205,text,true,,40,1000,1000,null,,0,UTF-8,1,0,testcrm.localdomain,0,0
1493118637746,60062,TCP_Report_ICall_HB_TextPush,500,org.apache.jmeter.protocol.tcp.sampler.ReadException: ,线程组 2-206,text,true,,40,1000,1000,null,,0,UTF-8,1,0,testcrm.localdomain,0,0
1493118637810,60062,TCP_Report_ICall_HB_TextPush,500,org.apache.jmeter.protocol.tcp.sampler.ReadException: ,线程组 2-207,text,true,,40,1000,1000,null,,0,UTF-8,1,0,testcrm.localdomain,0,0
1493118637902,60064,TCP_Report_ICall_HB_TextPush,500,org.apache.jmeter.protocol.tcp.sampler.ReadException: ,线程组 2-208,text,true,,40,1000,1000,null,,0,UTF-8,1,0,testcrm.localdomain,0,0
1493118637946,60063,TCP_Report_ICall_HB_TextPush,500,org.apache.jmeter.protocol.tcp.sampler.ReadException: ,线程组 2-209,text,true,,40,1000,1000,null,,0,UTF-8,1,0,testcrm.localdomain,0,0
1493118638006,60055,TCP_Report_ICall_HB_TextPush,500,org.apache.jmeter.protocol.tcp.sampler.ReadException: ,线程组 2-210,text,true,,40,1000,1000,null,,0,UTF-8,1,0,testcrm.localdomain,0,0
1493118638096,60022,TCP_Report_ICall_HB_TextPush,500,org.apache.jmeter.protocol.tcp.sampler.ReadException: ,线程组 2-211,text,true,,40,1000,1000,null,,0,UTF-8,1,0,testcrm.localdomain,0,0
1493118638140,60063,TCP_Report_ICall_HB_TextPush,500,org.apache.jmeter.protocol.tcp.sampler.ReadException: ,线程组 2-212,text,true,,40,1000,1000,null,,0,UTF-8,1,0,testcrm.localdomain,0,0
1493118638237,60064,TCP_Report_ICall_HB_TextPush,500,org.apache.jmeter.protocol.tcp.sampler.ReadException: ,线程组 2-213,text,true,,40,1000,1000,null,,0,UTF-8,1,0,testcrm.localdomain,0,0
1493118638266,60035,TCP_Report_ICall_HB_TextPush,500,org.apache.jmeter.protocol.tcp.sampler.ReadException: ,线程组 2-214,text,true,,40,1000,1000,null,,0,UTF-8,1,0,testcrm.localdomain,0,0
1493118638336,60036,TCP_Report_ICall_HB_TextPush,500,org.apache.jmeter.protocol.tcp.sampler.ReadException: ,线程组 2-215,text,true,,40,1000,1000,null,,0,UTF-8,1,0,testcrm.localdomain,0,0
1493118638396,60063,TCP_Report_ICall_HB_TextPush,500,org.apache.jmeter.protocol.tcp.sampler.ReadException: ,线程组 2-216,text,true,,40,1000,1000,null,,0,UTF-8,1,0,testcrm.localdomain,0,0
1493118638443,60063,TCP_Report_ICall_HB_TextPush,500,org.apache.jmeter.protocol.tcp.sampler.ReadException: ,线程组 2-217,text,true,,40,1000,1000,null,,0,UTF-8,1,0,testcrm.localdomain,0,0
1493118638490,60063,TCP_Report_ICall_HB_TextPush,500,org.apache.jmeter.protocol.tcp.sampler.ReadException: ,线程组 2-218,text,true,,40,1000,1000,null,,0,UTF-8,1,0,testcrm.localdomain,0,0
1493118638553,60064,TCP_Report_ICall_HB_TextPush,500,org.apache.jmeter.protocol.tcp.sampler.ReadException: ,线程组 2-219,text,true,,40,1000,1000,null,,0,UTF-8,1,0,testcrm.localdomain,0,0
1493118638633,60064,TCP_Report_ICall_HB_TextPush,500,org.apache.jmeter.protocol.tcp.sampler.ReadException: ,线程组 2-220,text,true,,40,1000,1000,null,,0,UTF-8,1,0,testcrm.localdomain,0,0
1493118638660,60065,TCP_Report_ICall_HB_TextPush,500,org.apache.jmeter.protocol.tcp.sampler.ReadException: ,线程组 2-221,text,true,,40,1000,1000,null,,0,UTF-8,1,0,testcrm.localdomain,0,0
1493118638752,60064,TCP_Report_ICall_HB_TextPush,500,org.apache.jmeter.protocol.tcp.sampler.ReadException: ,线程组 2-222,text,true,,40,1000,1000,null,,0,UTF-8,1,0,testcrm.localdomain,0,0
1493118638815,60063,TCP_Report_ICall_HB_TextPush,500,org.apache.jmeter.protocol.tcp.sampler.ReadException: ,线程组 2-223,text,true,,40,1000,1000,null,,0,UTF-8,1,0,testcrm.localdomain,0,0
1493118638868,60062,TCP_Report_ICall_HB_TextPush,500,org.apache.jmeter.protocol.tcp.sampler.ReadException: ,线程组 2-224,text,true,,40,1000,1000,null,,0,UTF-8,1,0,testcrm.localdomain,0,0
1493118638938,60066,TCP_Report_ICall_HB_TextPush,500,org.apache.jmeter.protocol.tcp.sampler.ReadException: ,线程组 2-225,text,true,,40,1000,1000,null,,0,UTF-8,1,0,testcrm.localdomain,0,0
1493118639006,60064,TCP_Report_ICall_HB_TextPush,500,org.apache.jmeter.protocol.tcp.sampler.ReadException: ,线程组 2-226,text,true,,40,1000,1000,null,,0,UTF-8,1,0,testcrm.localdomain,0,0
1493118639042,60064,TCP_Report_ICall_HB_TextPush,500,org.apache.jmeter.protocol.tcp.sampler.ReadException: ,线程组 2-227,text,true,,40,1000,1000,null,,0,UTF-8,1,0,testcrm.localdomain,0,0
1493118639102,60062,TCP_Report_ICall_HB_TextPush,500,org.apache.jmeter.protocol.tcp.sampler.ReadException: ,线程组 2-228,text,true,,40,1000,1000,null,,0,UTF-8,1,0,testcrm.localdomain,0,0
1493118639248,60112,TCP_Report_ICall_HB_TextPush,500,org.apache.jmeter.protocol.tcp.sampler.ReadException: ,线程组 2-230,text,true,,40,1000,1000,null,,0,UTF-8,1,0,testcrm.localdomain,0,0
1493118639203,60157,TCP_Report_ICall_HB_TextPush,500,org.apache.jmeter.protocol.tcp.sampler.ReadException: ,线程组 2-229,text,true,,40,1000,1000,null,,0,UTF-8,1,0,testcrm.localdomain,0,0
1493118639259,60100,TCP_Report_ICall_HB_TextPush,500,org.apache.jmeter.protocol.tcp.sampler.ReadException: ,线程组 2-231,text,true,,40,1000,1000,null,,0,UTF-8,1,0,testcrm.localdomain,0,0
1493118639324,60056,TCP_Report_ICall_HB_TextPush,500,org.apache.jmeter.protocol.tcp.sampler.ReadException: ,线程组 2-232,text,true,,40,1000,1000,null,,0,UTF-8,1,0,testcrm.localdomain,0,0
1493118639396,60067,TCP_Report_ICall_HB_TextPush,500,org.apache.jmeter.protocol.tcp.sampler.ReadException: ,线程组 2-233,text,true,,40,1000,1000,null,,0,UTF-8,1,0,testcrm.localdomain,0,0
1493118639441,60062,TCP_Report_ICall_HB_TextPush,500,org.apache.jmeter.protocol.tcp.sampler.ReadException: ,线程组 2-234,text,true,,40,1000,1000,null,,0,UTF-8,1,0,testcrm.localdomain,0,0
1493118639493,60063,TCP_Report_ICall_HB_TextPush,500,org.apache.jmeter.protocol.tcp.sampler.ReadException: ,线程组 2-235,text,true,,40,1000,1000,null,,0,UTF-8,1,0,testcrm.localdomain,0,0
1493118639563,60063,TCP_Report_ICall_HB_TextPush,500,org.apache.jmeter.protocol.tcp.sampler.ReadException: ,线程组 2-236,text,true,,40,1000,1000,null,,0,UTF-8,1,0,testcrm.localdomain,0,0
1493118639652,60076,TCP_Report_ICall_HB_TextPush,500,org.apache.jmeter.protocol.tcp.sampler.ReadException: ,线程组 2-237,text,true,,40,1000,1000,null,,0,UTF-8,1,0,testcrm.localdomain,0,0
1493118639770,60064,TCP_Report_ICall_HB_TextPush,500,org.apache.jmeter.protocol.tcp.sampler.ReadException: ,线程组 2-238,text,true,,40,1000,1000,null,,0,UTF-8,1,0,testcrm.localdomain,0,0
1493118639788,60046,TCP_Report_ICall_HB_TextPush,500,org.apache.jmeter.protocol.tcp.sampler.ReadException: ,线程组 2-239,text,true,,40,1000,1000,null,,0,UTF-8,1,0,testcrm.localdomain,0,0
1493118639852,60074,TCP_Report_ICall_HB_TextPush,500,org.apache.jmeter.protocol.tcp.sampler.ReadException: ,线程组 2-240,text,true,,40,1000,1000,null,,0,UTF-8,1,0,testcrm.localdomain,0,0
1493118639885,60077,TCP_Report_ICall_HB_TextPush,500,org.apache.jmeter.protocol.tcp.sampler.ReadException: ,线程组 2-241,text,true,,40,1000,1000,null,,0,UTF-8,1,0,testcrm.localdomain,0,0
1493118639989,60060,TCP_Report_ICall_HB_TextPush,500,org.apache.jmeter.protocol.tcp.sampler.ReadException: ,线程组 2-242,text,true,,40,1000,1000,null,,0,UTF-8,1,0,testcrm.localdomain,0,0
1493118639987,60062,TCP_Report_ICall_HB_TextPush,500,org.apache.jmeter.protocol.tcp.sampler.ReadException: ,线程组 2-243,text,true,,40,1000,1000,null,,0,UTF-8,1,0,testcrm.localdomain,0,0
1493118640046,60034,TCP_Report_ICall_HB_TextPush,500,org.apache.jmeter.protocol.tcp.sampler.ReadException: ,线程组 2-244,text,true,,40,1000,1000,null,,0,UTF-8,1,0,testcrm.localdomain,0,0
1493118640087,60062,TCP_Report_ICall_HB_TextPush,500,org.apache.jmeter.protocol.tcp.sampler.ReadException: ,线程组 2-245,text,true,,40,1000,1000,null,,0,UTF-8,1,0,testcrm.localdomain,0,0
1493118640151,60063,TCP_Report_ICall_HB_TextPush,500,org.apache.jmeter.protocol.tcp.sampler.ReadException: ,线程组 2-246,text,true,,40,1000,1000,null,,0,UTF-8,1,0,testcrm.localdomain,0,0
1493118640211,60063,TCP_Report_ICall_HB_TextPush,500,org.apache.jmeter.protocol.tcp.sampler.ReadException: ,线程组 2-247,text,true,,40,1000,1000,null,,0,UTF-8,1,0,testcrm.localdomain,0,0
1493118640270,60061,TCP_Report_ICall_HB_TextPush,500,org.apache.jmeter.protocol.tcp.sampler.ReadException: ,线程组 2-248,text,true,,40,1000,1000,null,,0,UTF-8,1,0,testcrm.localdomain,0,0
1493118640317,60057,TCP_Report_ICall_HB_TextPush,500,org.apache.jmeter.protocol.tcp.sampler.ReadException: ,线程组 2-249,text,true,,40,1000,1000,null,,0,UTF-8,1,0,testcrm.localdomain,0,0
1493118640403,60060,TCP_Report_ICall_HB_TextPush,500,org.apache.jmeter.protocol.tcp.sampler.ReadException: ,线程组 2-250,text,true,,40,1000,1000,null,,0,UTF-8,1,0,testcrm.localdomain,0,0
1493118640438,60064,TCP_Report_ICall_HB_TextPush,500,org.apache.jmeter.protocol.tcp.sampler.ReadException: ,线程组 2-251,text,true,,40,1000,1000,null,,0,UTF-8,1,0,testcrm.localdomain,0,0
1493118640495,60064,TCP_Report_ICall_HB_TextPush,500,org.apache.jmeter.protocol.tcp.sampler.ReadException: ,线程组 2-252,text,true,,40,1000,1000,null,,0,UTF-8,1,0,testcrm.localdomain,0,0
1493118640544,60032,TCP_Report_ICall_HB_TextPush,500,org.apache.jmeter.protocol.tcp.sampler.ReadException: ,线程组 2-253,text,true,,40,1000,1000,null,,0,UTF-8,1,0,testcrm.localdomain,0,0
1493118640616,60061,TCP_Report_ICall_HB_TextPush,500,org.apache.jmeter.protocol.tcp.sampler.ReadException: ,线程组 2-254,text,true,,40,1000,1000,null,,0,UTF-8,1,0,testcrm.localdomain,0,0
1493118640684,60079,TCP_Report_ICall_HB_TextPush,500,org.apache.jmeter.protocol.tcp.sampler.ReadException: ,线程组 2-255,text,true,,40,1000,1000,null,,0,UTF-8,1,0,testcrm.localdomain,0,0
1493118640751,60075,TCP_Report_ICall_HB_TextPush,500,org.apache.jmeter.protocol.tcp.sampler.ReadException: ,线程组 2-256,text,true,,40,1000,1000,null,,0,UTF-8,1,0,testcrm.localdomain,0,0
1493118640768,60066,TCP_Report_ICall_HB_TextPush,500,org.apache.jmeter.protocol.tcp.sampler.ReadException: ,线程组 2-257,text,true,,40,1000,1000,null,,0,UTF-8,1,0,testcrm.localdomain,0,0
1493118640825,60051,TCP_Report_ICall_HB_TextPush,500,org.apache.jmeter.protocol.tcp.sampler.ReadException: ,线程组 2-258,text,true,,40,1000,1000,null,,0,UTF-8,1,0,testcrm.localdomain,0,0
1493118640895,60039,TCP_Report_ICall_HB_TextPush,500,org.apache.jmeter.protocol.tcp.sampler.ReadException: ,线程组 2-259,text,true,,40,1000,1000,null,,0,UTF-8,1,0,testcrm.localdomain,0,0
1493118640990,60063,TCP_Report_ICall_HB_TextPush,500,org.apache.jmeter.protocol.tcp.sampler.ReadException: ,线程组 2-260,text,true,,40,1000,1000,null,,0,UTF-8,1,0,testcrm.localdomain,0,0
1493118641028,60062,TCP_Report_ICall_HB_TextPush,500,org.apache.jmeter.protocol.tcp.sampler.ReadException: ,线程组 2-261,text,true,,40,1000,1000,null,,0,UTF-8,1,0,testcrm.localdomain,0,0
1493118641093,60062,TCP_Report_ICall_HB_TextPush,500,org.apache.jmeter.protocol.tcp.sampler.ReadException: ,线程组 2-262,text,true,,40,1000,1000,null,,0,UTF-8,1,0,testcrm.localdomain,0,0
1493118641163,60065,TCP_Report_ICall_HB_TextPush,500,org.apache.jmeter.protocol.tcp.sampler.ReadException: ,线程组 2-263,text,true,,40,1000,1000,null,,0,UTF-8,1,0,testcrm.localdomain,0,0
1493118641211,60063,TCP_Report_ICall_HB_TextPush,500,org.apache.jmeter.protocol.tcp.sampler.ReadException: ,线程组 2-264,text,true,,40,1000,1000,null,,0,UTF-8,1,0,testcrm.localdomain,0,0
1493118641286,60050,TCP_Report_ICall_HB_TextPush,500,org.apache.jmeter.protocol.tcp.sampler.ReadException: ,线程组 2-265,text,true,,40,1000,1000,null,,0,UTF-8,1,0,testcrm.localdomain,0,0
1493118641369,60062,TCP_Report_ICall_HB_TextPush,500,org.apache.jmeter.protocol.tcp.sampler.ReadException: ,线程组 2-266,text,true,,40,1000,1000,null,,0,UTF-8,1,0,testcrm.localdomain,0,0
1493118641409,60063,TCP_Report_ICall_HB_TextPush,500,org.apache.jmeter.protocol.tcp.sampler.ReadException: ,线程组 2-267,text,true,,40,1000,1000,null,,0,UTF-8,1,0,testcrm.localdomain,0,0
1493118641495,60042,TCP_Report_ICall_HB_TextPush,500,org.apache.jmeter.protocol.tcp.sampler.ReadException: ,线程组 2-268,text,true,,40,1000,1000,null,,0,UTF-8,1,0,testcrm.localdomain,0,0
1493118641574,60054,TCP_Report_ICall_HB_TextPush,500,org.apache.jmeter.protocol.tcp.sampler.ReadException: ,线程组 2-270,text,true,,40,1000,1000,null,,0,UTF-8,1,0,testcrm.localdomain,0,0
1493118641557,60071,TCP_Report_ICall_HB_TextPush,500,org.apache.jmeter.protocol.tcp.sampler.ReadException: ,线程组 2-269,text,true,,40,1000,1000,null,,0,UTF-8,1,0,testcrm.localdomain,0,0
1493118641664,60063,TCP_Report_ICall_HB_TextPush,500,org.apache.jmeter.protocol.tcp.sampler.ReadException: ,线程组 2-271,text,true,,40,1000,1000,null,,0,UTF-8,1,0,testcrm.localdomain,0,0
1493118641751,60036,TCP_Report_ICall_HB_TextPush,500,org.apache.jmeter.protocol.tcp.sampler.ReadException: ,线程组 2-272,text,true,,40,1000,1000,null,,0,UTF-8,1,0,testcrm.localdomain,0,0
1493118641802,60077,TCP_Report_ICall_HB_TextPush,500,org.apache.jmeter.protocol.tcp.sampler.ReadException: ,线程组 2-273,text,true,,40,1000,1000,null,,0,UTF-8,1,0,testcrm.localdomain,0,0
1493118641863,60068,TCP_Report_ICall_HB_TextPush,500,org.apache.jmeter.protocol.tcp.sampler.ReadException: ,线程组 2-274,text,true,,40,1000,1000,null,,0,UTF-8,1,0,testcrm.localdomain,0,0
1493118641909,60063,TCP_Report_ICall_HB_TextPush,500,org.apache.jmeter.protocol.tcp.sampler.ReadException: ,线程组 2-275,text,true,,40,1000,1000,null,,0,UTF-8,1,0,testcrm.localdomain,0,0
1493118641992,60046,TCP_Report_ICall_HB_TextPush,500,org.apache.jmeter.protocol.tcp.sampler.ReadException: ,线程组 2-276,text,true,,40,1000,1000,null,,0,UTF-8,1,0,testcrm.localdomain,0,0
1493118642042,60046,TCP_Report_ICall_HB_TextPush,500,org.apache.jmeter.protocol.tcp.sampler.ReadException: ,线程组 2-277,text,true,,40,1000,1000,null,,0,UTF-8,1,0,testcrm.localdomain,0,0
1493118642120,60069,TCP_Report_ICall_HB_TextPush,500,org.apache.jmeter.protocol.tcp.sampler.ReadException: ,线程组 2-278,text,true,,40,1000,1000,null,,0,UTF-8,1,0,testcrm.localdomain,0,0
1493118642199,60040,TCP_Report_ICall_HB_TextPush,500,org.apache.jmeter.protocol.tcp.sampler.ReadException: ,线程组 2-279,text,true,,40,1000,1000,null,,0,UTF-8,1,0,testcrm.localdomain,0,0
1493118642260,60030,TCP_Report_ICall_HB_TextPush,500,org.apache.jmeter.protocol.tcp.sampler.ReadException: ,线程组 2-280,text,true,,40,1000,1000,null,,0,UTF-8,1,0,testcrm.localdomain,0,0
1493118642317,60060,TCP_Report_ICall_HB_TextPush,500,org.apache.jmeter.protocol.tcp.sampler.ReadException: ,线程组 2-281,text,true,,40,1000,1000,null,,0,UTF-8,1,0,testcrm.localdomain,0,0
1493118642380,60062,TCP_Report_ICall_HB_TextPush,500,org.apache.jmeter.protocol.tcp.sampler.ReadException: ,线程组 2-282,text,true,,40,1000,1000,null,,0,UTF-8,1,0,testcrm.localdomain,0,0
1493118642450,60062,TCP_Report_ICall_HB_TextPush,500,org.apache.jmeter.protocol.tcp.sampler.ReadException: ,线程组 2-283,text,true,,40,1000,1000,null,,0,UTF-8,1,0,testcrm.localdomain,0,0
1493118642508,60063,TCP_Report_ICall_HB_TextPush,500,org.apache.jmeter.protocol.tcp.sampler.ReadException: ,线程组 2-284,text,true,,40,1000,1000,null,,0,UTF-8,1,0,testcrm.localdomain,0,0
1493118642595,60063,TCP_Report_ICall_HB_TextPush,500,org.apache.jmeter.protocol.tcp.sampler.ReadException: ,线程组 2-285,text,true,,40,1000,1000,null,,0,UTF-8,1,0,testcrm.localdomain,0,0
1493118642686,60062,TCP_Report_ICall_HB_TextPush,500,org.apache.jmeter.protocol.tcp.sampler.ReadException: ,线程组 2-286,text,true,,40,1000,1000,null,,0,UTF-8,1,0,testcrm.localdomain,0,0
1493118642764,60062,TCP_Report_ICall_HB_TextPush,500,org.apache.jmeter.protocol.tcp.sampler.ReadException: ,线程组 2-287,text,true,,40,1000,1000,null,,0,UTF-8,1,0,testcrm.localdomain,0,0
1493118643493,60044,TCP_Report_ICall_HB_TextPush,500,org.apache.jmeter.protocol.tcp.sampler.ReadException: ,线程组 2-296,text,true,,40,1000,1000,null,,0,UTF-8,1,0,testcrm.localdomain,0,0
1493118643492,60045,TCP_Report_ICall_HB_TextPush,500,org.apache.jmeter.protocol.tcp.sampler.ReadException: ,线程组 2-297,text,true,,40,1000,1000,null,,0,UTF-8,1,0,testcrm.localdomain,0,0
1493118643508,60052,TCP_Report_ICall_HB_TextPush,500,org.apache.jmeter.protocol.tcp.sampler.ReadException: ,线程组 2-295,text,true,,40,1000,1000,null,,0,UTF-8,1,0,testcrm.localdomain,0,0
1493118643501,60058,TCP_Report_ICall_HB_TextPush,500,org.apache.jmeter.protocol.tcp.sampler.ReadException: ,线程组 2-289,text,true,,40,1000,1000,null,,0,UTF-8,1,0,testcrm.localdomain,0,0
